"Province","Articles per million children"
Western Cape,11.498052517354873
Free State,10.488953034663892
Mpumalanga,8.578564806107938
Northern Cape,7.3035882529086535
Gauteng,7.303084735355197
Eastern Cape,4.192819377534035
KwaZulu-Natal,3.2855430042196483
North West,3.2544905867927887
Limpopo,1.353511482514662